platform_id,name,min_area,max_area,price_per_private_square_meter,st_astext
AUX328451,MW MAIOJAMA SELECT RESID,149,149,0,POINT(-51.2550894 -30.112806)
AUX347684,DON MATHEUS,66,66,0,POINT(-51.2222231 -30.12250209999999)
AUX339132,SIRENA,230,233,0,POINT(-51.2592858 -30.1069581)
ORL21425,Ilha Verde,115.5,115.5,1018,POINT(-51.197044372558594 -30.12934112548828)
ORL19738,Pateo Verde,146.49000549316406,146.49000549316406,1462,POINT(-51.21709442138672 -30.13919448852539)
ORL15516,Reserva do Sul II,41.189998626708984,41.189998626708984,3253,POINT(-51.15127944946289 -30.162376403808594)
ORL19403,Residencial Duo Figueiras,49.93000030517578,49.93000030517578,3285,POINT(-51.15996170043945 -30.156763076782227)
ZAP2516935980,Residencial Porto das Águias,40,40,3325,POINT(-51.124938 -30.142749)
ORL10001,Porto dos Canários,40.459999084472656,40.459999084472656,4041,POINT(-51.14616394042969 -30.158618927001953)
ORL186,Campo Dourado,50.81999969482422,62.84000015258789,4132,POINT(-51.19329833984375 -30.162399291992188)
ORL2096,Costa Smeralda,168.50999450683594,168.50999450683594,4154,POINT(-51.22169876098633 -30.154300689697266)
ORL18067,Residencial Porto Aurora,40.83000183105469,50.72999954223633,4237,POINT(-51.22848129272461 -30.11519432067871)
ORL23758,Viverdes - Fase 1,58.959999084472656,58.959999084472656,4302,POINT(-51.203575134277344 -30.146387100219727)
ZAP2507618473,Residencial Porto Aurora,40,43,4412.25,POINT(-51.228481 -30.115194)
ORL24064,Parque do Salso - Fase 2,48.220001220703125,69.54000091552734,4666,POINT(-51.15996170043945 -30.156763076782227)
ORL19401,Parque do Salso - Fase 1,48.91999816894531,48.91999816894531,4886,POINT(-51.16101837158203 -30.156105041503906)
ORL1768,Don Matheus,66.8499984741211,105.2300033569336,4936,POINT(-51.22309875488281 -30.120899200439453)
ORL4398,Maracá Living,357.8299865722656,357.8299865722656,5170,POINT(-51.25436019897461 -30.09913444519043)
ORL3642,Acqua,449.1499938964844,449.1499938964844,5277,POINT(-51.24174118041992 -30.12820816040039)
ORL18080,Residencial Porto Fazenda Real,43.599998474121094,52.400001525878906,5397,POINT(-51.233158111572266 -30.1044864654541)
AUX340365,PORTO FAZENDA REAL,46,54,5500,POINT(-51.2331586 -30.1044864)
ORL3545,Mário Totta 143,197,197,5533,POINT(-51.25868606567383 -30.116497039794922)
ZAP2507618179,Residencial Porto Fazenda Real,43,52,5546.51171875,POINT(-51.233159 -30.104486)
ORL505,Oxy Home Resort,57.86000061035156,72.69000244140625,6032,POINT(-51.23350143432617 -30.10420036315918)
ORL424,Port Salerno,293.54998779296875,343.239990234375,6779,POINT(-51.2588005065918 -30.10700035095215)
ORL598,Live It,61.790000915527344,76.69000244140625,7408,POINT(-51.237300872802734 -30.102699279785156)
ORL3540,Condomínio Vista Nobre Pedra Redonda,300.1199951171875,300.1199951171875,7497,POINT(-51.2445068359375 -30.125043869018555)
ORL14326,Scenario,143.36000061035156,143.36000061035156,8036,POINT(-51.24740982055664 -30.108642578125)
ORL3174,Villa Arbo,75.48999786376953,218.55999755859375,8268,POINT(-51.25098419189453 -30.113075256347656)
AUX329073,MURANO HOME,86,130,8420.1162109375,POINT(-51.2446115 -30.0941023)
AUX348771,HALLSTATT,171,217,8500,POINT(-51.25019409999999 -30.1076063)
ORL20309,Hallstatt,171,217,8500,POINT(-51.25019454956055 -30.107606887817383)
ORL935,Enseada Vila Assunção,172.89999389648438,351.3599853515625,8625,POINT(-51.225799560546875 -30.1564998626709)
ORL441,Nauders,137.61000061035156,364.5899963378906,9374,POINT(-51.25080108642578 -30.105199813842773)
AUX225367,JOSÉ GOMES,131,232,9525.15234375,POINT(-51.2510121 -30.1045666)
ORL25471,Residencial José Gomes,131.07000732421875,232.83999633789062,9603,POINT(-51.25101089477539 -30.10456657409668)
AUX348610,LUBECK,145,217,9695.6142578125,POINT(-51.2459473 -30.1081293)
ORL24385,Edifício Copacabana,49.119998931884766,49.119998931884766,10044,POINT(-51.250465393066406 -30.103336334228516)
ORL1837,Lubeck,120,611.72998046875,10099,POINT(-51.24599838256836 -30.10810089111328)
ORL211,Murano Home,86.37000274658203,129.4499969482422,10547,POINT(-51.243900299072266 -30.094200134277344)
ORL986,MW Smart,68.26000213623047,68.26000213623047,10912,POINT(-51.25510025024414 -30.111499786376953)
ORL985,MW Select,149.83999633789062,149.83999633789062,10974,POINT(-51.25510025024414 -30.111499786376953)
ORL304,Las Rocas,407.9100036621094,543.47998046875,10983,POINT(-51.241798400878906 -30.12779998779297)
ORL569,Altos da Maracá,346.6600036621094,483.42999267578125,11510,POINT(-51.25419998168945 -30.098400115966797)
ORL3643,Sirena,233.14999389648438,272.4599914550781,12781,POINT(-51.25931930541992 -30.106979370117188)
ORL16982,Altos da Chácara,193.30999755859375,389,12933,POINT(-51.26038360595703 -30.119613647460938)
AUX341084,GOLDEN LAKE VICTORIA,299,543,14715.71875,POINT(-51.2485021 -30.0967763)
ORL403,Résidence Du Lac,43.5,43.5,14766,POINT(-51.24810028076172 -30.08880043029785)
AUX348433,NAUDERS,260,260,,POINT(-51.250842 -30.105329)
AUX340864,SEEN BOA VISTA*,156,156,0,POINT(-51.18114869999999 -30.0247811)
AUX307999,GO24,24,24,0,POINT(-51.19280930000002 -30.0219143)
AUX331207,ALL LINDOIA HOME,69,69,0,POINT(-51.15209780000001 -30.0105221)
AUX335965,MUNICH,86,86,0,POINT(-51.1893389 -30.008216)
AUX331174,CINE TEATRO PRESIDENTE,36,40,0,POINT(-51.1971586 -30.0164971)
ORL18180,Residencial Domani - Fase 4,54.29999923706055,54.29999923706055,3665,POINT(-51.1855354309082 -29.94634246826172)
ORL18181,Residencial Domani - Fase 5,52.59000015258789,52.59000015258789,3670,POINT(-51.1855354309082 -29.94634246826172)
ORL18182,Residencial Domani - Fase 6,52.59000015258789,52.59000015258789,3670,POINT(-51.1855354309082 -29.94634246826172)
ORL18183,Residencial Domani - Fase 7,52.59000015258789,52.59000015258789,3670,POINT(-51.1855354309082 -29.94634246826172)
ORL616,Residencial Villa di Cremona,54.29999923706055,54.29999923706055,3683,POINT(-51.18840026855469 -29.94770050048828)
ORL25244,Marechal Hermes 26,48.02000045776367,66.0199966430664,3853,POINT(-51.106998443603516 -29.961669921875)
ORL22554,Alto São Francisco,41.189998626708984,41.189998626708984,3884,POINT(-51.09736251831055 -30.01689910888672)
ORL18179,Residencial Domani - Fase 3,52.59000015258789,52.59000015258789,4050,POINT(-51.1855354309082 -29.94634246826172)
ORL18178,Residencial Domani - Fase 2,52.59000015258789,52.59000015258789,4183,POINT(-51.1855354309082 -29.94634246826172)
ZAP2507612123,Parque Porto Boa Vista,41,44,4236.34130859375,POINT(-51.11946 -30.00972)
ORL13770,Residencial Domani - Fase 1,52.59000015258789,52.59000015258789,4278,POINT(-51.1855354309082 -29.946352005004883)
ORL22108,Santa Fé - Fase 1,38.91999816894531,51.040000915527344,4337,POINT(-51.105262756347656 -30.01592254638672)
ORL18153,Parque Porto Boa Vista - Fase 1,41.63999938964844,48.29999923706055,4371,POINT(-51.12118148803711 -30.014190673828125)
ZAP2483381872,Parque Porto Coimbra,44,44,4402.04541015625,POINT(-51.117659 -30.015437)
ORL18079,Porto Hortênsias - Fase 1,41.41999816894531,44.099998474121094,4551,POINT(-51.188419342041016 -29.987991333007812)
ORL10082,Parque Porto Coimbra,44.310001373291016,44.310001373291016,4683,POINT(-51.120670318603516 -30.012300491333008)
ORL239,Flora Praças Residenciais,57.2599983215332,57.2599983215332,4794,POINT(-51.1864013671875 -29.982900619506836)
ORL592,Alta Vista,50.63999938964844,65.2300033569336,5366,POINT(-51.19150161743164 -29.97559928894043)
ORL256,Rossi Mais,51.20000076293945,51.20000076293945,5645,POINT(-51.18870162963867 -29.986499786376953)
ORL10095,Vivaz Ecoville,38.4900016784668,39.7599983215332,6029,POINT(-51.128089904785156 -30.001556396484375)
ORL31,NEO Superquadra Living,72.51000213623047,81.23999786376953,6517,POINT(-51.17580032348633 -30.00819969177246)
AUX335339,NEO SUPERQUADRA LIVING,72,81,6569.4443359375,POINT(-51.17651619999999 -30.0032784)
ORL20451,DownTown 221,53.310001373291016,70.20999908447266,6933,POINT(-51.153072357177734 -30.021686553955078)
ZAP2522427383,Villa Brindisi,68,168,6999.32373046875,POINT(-51.163727 -30.014329)
ORL19560,Villa Brindisi,68.2699966430664,145.85000610351562,7040,POINT(-51.16374969482422 -30.014251708984375)
ZAP2549091023,All Lindoia - 68 à 84m²,68,84,7058.82373046875,POINT(-51.150273 -30.010832)
ORL352,Mirante Higienópolis,53.11000061035156,73.47000122070312,7451,POINT(-51.180599212646484 -30.010499954223633)
ORL2966,Vivio Lindóia,51.939998626708984,66.29000091552734,7518,POINT(-51.14838409423828 -29.999635696411133)
ORL2464,El Bosco,65.7699966430664,65.7699966430664,7526,POINT(-51.18109893798828 -30.014699935913086)
ZAP2549092403,All Lindoia - Studio,30,33,7666.66650390625,POINT(-51.150273 -30.010832)
ORL27,ICON Assis Brasil Residencial,60.810001373291016,75.86000061035156,7694,POINT(-51.141998291015625 -30.00749969482422)
ORL2479,All Lindóia,68.18000030517578,83.5,7800,POINT(-51.150299072265625 -30.01110076904297)
AUX348003,AUSTRALIAN PINE RESIDENCE,73,92,7874.3837890625,POINT(-51.1695886 -30.0176555)
AUX339533,VILLA BRINDISI,72,145,7901.27783203125,POINT(-51.1637268 -30.0143287)
ORL364,Residencial Santiago,78.8499984741211,108.75,7926,POINT(-51.15890121459961 -30.0044002532959)
ORL449,San Pietro,144.47999572753906,144.47999572753906,7988,POINT(-51.165000915527344 -30.01959991455078)
ORL21324,New Amazon Residencial,108.80000305175781,108.80000305175781,8004,POINT(-51.150150299072266 -30.015323638916016)
ZAP2489366614,Residencial Vila Parisi,44,109,8100.36376953125,POINT(-51.154639 -30.017294)
ORL1166,Vista Comfort Home,48.13999938964844,69.22000122070312,8101,POINT(-51.15621566772461 -30.011106491088867)
ORL811,Vida Viva Horizonte,62.33000183105469,76.83999633789062,8124,POINT(-51.19409942626953 -30.002899169921875)
AUX86157,RESIDENCIAL SANTIAGO,78,108,8161.74365234375,POINT(-51.1592017 -30.0044779)
AUX286064,VIVIO LINDOIA,53,66,8165.11328125,POINT(-51.14838299999997 -29.999636)
ZAP2490022488,ABSOLUT LIFE STYLE,87,112,8226.78125,POINT(-51.167239 -30.01868)
ORL490,Madero,90.18000030517578,90.18000030517578,8317,POINT(-51.15599822998047 -30.016799926757812)
AUX270908,TUTTO FELICITA,64,98,8322.5625,POINT(-51.15432169999997 -30.0152283)
ORL3994,K304,66.27999877929688,185.27000427246094,8380,POINT(-51.19029235839844 -30.010225296020508)
ORL372,Brisas,62.970001220703125,62.970001220703125,8385,POINT(-51.181800842285156 -30.01609992980957)
ORL5738,Prime Wish,55.970001220703125,67.02999877929688,8417,POINT(-51.19485855102539 -30.010774612426758)
AUX329381,GRAND PARK LINDOIA,56,81,8427.7138671875,POINT(-51.146574 -30.0101444)
AUX41017,UNIVERSITY PLACE,48,77,8471.4375,POINT(-51.1659162 -30.0173452)
ORL3156,Prime Altos do Germânia,55.22999954223633,67.5199966430664,8572,POINT(-51.15373229980469 -30.017030715942383)
ORL363,Residencial Evidence,105.7300033569336,109.4000015258789,8607,POINT(-51.171600341796875 -30.019500732421875)
AUX334668,VILLA PARISI,44,110,8608.7724609375,POINT(-51.1546394 -30.017294)
ZAP2513338500,Prime Wish,55,55,8630.181640625,POINT(-51.194859 -30.010774)
AUX328695,PRIME WISH,55,56,8636.36328125,POINT(-51.19485900000001 -30.010774)
AUX86152,RESIDENCIAL EVIDENCE,105,109,8657.15234375,POINT(-51.1714726 -30.0198709)
ZAP2513342841,Prime Altos do Germânia,55,55,8673.0908203125,POINT(-51.151647 -30.019517)
ORL2883,Luzitana,65.5,76.4000015258789,8779,POINT(-51.184200286865234 -30.016000747680664)
AUX324558,VIDA,70,87,8812.0283203125,POINT(-51.1732243 -30.0186174)
ORL16786,Vida,70.44000244140625,87.6500015258789,8920,POINT(-51.17322540283203 -30.018617630004883)
AUX197007,MIRANTE HIGIENOPOLIS,53,73,9025.716796875,POINT(-51.18066390000001 -30.0105298)
ORL1583,University Place,47.58000183105469,82.95999908447266,9056,POINT(-51.165897369384766 -30.017467498779297)
ORL12319,Villa Parisi,39.97999954223633,110.51000213623047,9182,POINT(-51.154640197753906 -30.01729393005371)
ORL52,Absolut,87.33000183105469,112.58999633789062,9197,POINT(-51.1672477722168 -30.01859474182129)
ORL1865,Botero,59.29999923706055,59.29999923706055,9280,POINT(-51.18404769897461 -30.013303756713867)
ORL26478,Free João Wallig,74.23999786376953,106.62000274658203,9381,POINT(-51.16484451293945 -30.013004302978516)
ORL881,Grand Park Lindóia Residencial,56.540000915527344,81.63999938964844,9397,POINT(-51.147499084472656 -30.010400772094727)
ZAP2545083081,FREE JOÃO WALLIG,74,112,9405.4052734375,POINT(-51.165055 -30.014317)
AUX329934,PRIME WALLIG,57,58,9421.052734375,POINT(-51.159786 -30.011778)
AUX337209,RESIDENCIAL ATON,45,145,9470.177734375,POINT(-51.1942256 -30.0247519)
ORL6149,Alameda Home,48.63999938964844,51.779998779296875,9501,POINT(-51.180423736572266 -30.024770736694336)
ORL4181,Caravaggio,63.540000915527344,63.540000915527344,9587,POINT(-51.1629524230957 -30.017498016357422)
AUX364259,FREE João Wallig,74,105,9594.5947265625,POINT(-51.164846 -30.0130051)
AUX294267,ALAMEDA HOME,48,52,9627.3955078125,POINT(-51.180414271163954 -30.024853702085863)
ZAP2543950473,Prime Wallig,55,67,9766.818359375,POINT(-51.159622 -30.011888)
ORL15072,Prime Wallig,54.56999969482422,67.29000091552734,9769,POINT(-51.15962219238281 -30.01188850402832)
ORL742,LEEDS,102.45999908447266,102.45999908447266,9835,POINT(-51.167198181152344 -30.01930046081543)
AUX338158,LEEDS,101,102,9882.5048828125,POINT(-51.1670969 -30.01934649999999)
ORL643,Munich,76.41000366210938,85.87000274658203,10064,POINT(-51.18989944458008 -30.008499145507812)
AUX291240,CARAVAGGIO,63,67,10082.634765625,POINT(-51.16302889999997 -30.0174328)
ORL565,Sky,98.6500015258789,98.6500015258789,10127,POINT(-51.16569900512695 -30.019100189208984)
AUX332759,SKY,83,99,10590.361328125,POINT(-51.1666401 -30.0190458)
ORL501,Sollaris,44.380001068115234,97.9000015258789,10753,POINT(-51.16619873046875 -30.018999099731445)
ORL20136,YVY Lindóia,71.02999877929688,150.3000030517578,10776,POINT(-51.152366638183594 -30.007734298706055)
ORL23694,Riserva Di Milano,86.72000122070312,111.16000366210938,10800,POINT(-51.187015533447266 -30.024002075195312)
ORL4336,Flag Ship,45.599998474121094,83.22000122070312,10924,POINT(-51.15897750854492 -30.02018165588379)
AUX286755,PRIME ALTOS DO GERMANIA,56,67,11017.857421875,POINT(-51.1537328 -30.01702999999999)
AUX347335,SONNEN,100,129,11100,POINT(-51.18725939999999 -30.0192368)
ORL2997,CONCEPT 508,61.84000015258789,103.3499984741211,11239,POINT(-51.16962432861328 -30.021455764770508)
AUX21256,CONCEPT 508,62,104,11274.193359375,POINT(-51.1696799 -30.0214262)
ORL1008,Cine Teatro Presidente,36.04999923706055,39.72999954223633,11301,POINT(-51.196998596191406 -30.016599655151367)
AUX355868,RISERVA DI MILANO,86,111,11495.44140625,POINT(-51.1870161 -30.0240023)
ORL554,Dahshur,60.40999984741211,60.40999984741211,11924,POINT(-51.18939971923828 -30.019399642944336)
ORL1369,Lord Porto Alegre,164.72999572753906,164.72999572753906,12018,POINT(-51.19049835205078 -30.018299102783203)
ORL18551,SOHO Bordini,76.73999786376953,287.29998779296875,12028,POINT(-51.197330474853516 -30.021936416625977)
AUX334534,SOHO BORDINI,76,287,12171.052734375,POINT(-51.1973314 -30.0219359)
AUX328961,FLAG SHIP,45,61,13827.35546875,POINT(-51.15934859999999 -30.0200975)
ORL21325,Seen Boa Vista,156.44000244140625,319.5799865722656,13896,POINT(-51.181148529052734 -30.0247802734375)
ORL28,Moulin Quintino,128.57000732421875,128.57000732421875,13984,POINT(-51.19779968261719 -30.018199920654297)
ORL24459,Garden Haus Porsche Consulting,159.10000610351562,345,14361,POINT(-51.15940475463867 -30.023639678955078)
AUX329064,MARQUES GREEN HOMES,77,124,14723.0126953125,POINT(-51.1946082 -30.0196133)
ORL1736,PULSE,41.130001068115234,66.66000366210938,14831,POINT(-51.19139862060547 -30.02039909362793)
AUX241697,QUADRA K,63,110,15113.4287109375,POINT(-51.155809799999986 -30.024994)
ORL1373,NY 205,43.130001068115234,74.68000030517578,15419,POINT(-51.19490051269531 -30.02039909362793)
ORL5901,GO 24,24.25,37.06999969482422,18588,POINT(-51.19281005859375 -30.021913528442383)
ORL561,Cândido 58,154.11000061035156,154.11000061035156,20339,POINT(-51.192298889160156 -30.019899368286133)
AUX349881,VIVAZ SANTA FÉ,38,38,61233.33203125,POINT(-51.1052613 -30.0159235)
AUX239362,NEW AMAZON,108,108,,POINT(-51.150150800000006 -30.0153244)
ZAP2537320052,Garden Haus Porsche Consulting,159,187,,POINT(-51.159502 -30.024048)
ZAP2537320307,Tree Haus Porsche Consulting,202,306,,POINT(-51.159502 -30.024048)
AUX235510,VIVANT RESIDENCIAL,72,72,0,POINT(-51.19255020000003 -30.0500748)
AUX352779,NILO SQUARE RESIDENCE RESORT,176,176,0,POINT(-51.1732921 -30.0272827)
AUX293434,-BELLA FARNESE,297,297,0,POINT(-51.189383899999996 -30.031346)
AUX332984,EDWARD HOPPER,62,62,0,POINT(-51.1705894 -30.0477842)
AUX296977,SAN LORENZO,85,85,0,POINT(-51.19442939999999 -30.0413657)
AUX335799,ALPINADA,91,91,0,POINT(-51.1807824 -30.0401648)
AUX329617,TREND NOVA CARLOS GOMES RESIDENCE,77,77,0,POINT(-51.1749895 -30.0430314)
AUX282693,ORSAY,189,189,0,POINT(-51.1863596 -30.0282204)
AUX335918,MONTREAL,62,62,0,POINT(-51.1915899 -30.0424232)
AUX268883,VINTAGE SENIOR RESIDENCE,44,44,0,POINT(-51.18336369999997 -30.0392774)
AUX232911,HUNDRED,217,217,0,POINT(-51.20026899999999 -30.03604)
AUX331509,AMÉLIA 139,93,93,0,POINT(-51.1906954 -30.0412256)
AUX347539,TERRA,132,132,0,POINT(-51.1891857 -30.0373676)
AUX325531,Z800,123,123,0,POINT(-51.1875241 -30.0278047)
AUX336252,JARAGUA 68,256,256,0,POINT(-51.1924071 -30.0365945)
AUX10013,EMILIO 111,61,61,0,POINT(-51.1784166 -30.0298299)
AUX339886,TITO  - ALTOS DA MARILAND,83,83,0,POINT(-51.1931223 -30.0289148)
AUX295287,MORADA BAGÉ,117,117,0,POINT(-51.182252800000015 -30.039891)
ORL1867,Toulouse Lautrec,70.69999694824219,70.69999694824219,5645,POINT(-51.1682014465332 -30.04129981994629)
AUX319572,RESIDENCIAL VILLA TOSCANA,69,78,6535.14501953125,POINT(-51.168399 -30.043067)
ORL20453,Firenze,51.439998626708984,84.68000030517578,6707,POINT(-51.169227600097656 -30.04160499572754)
ORL19025,Residencial Villa Toscana,69.81999969482422,69.81999969482422,6848,POINT(-51.168399810791016 -30.043067932128906)
ORL474,Manet,64.87999725341797,64.87999725341797,7475,POINT(-51.20140075683594 -30.050800323486328)
ORL2590,Promenade,67.83000183105469,67.83000183105469,7505,POINT(-51.20404052734375 -30.05129623413086)
ORL570,Burle Marx,63.86000061035156,63.86000061035156,7761,POINT(-51.17100143432617 -30.04560089111328)
ORL1866,James Joyce,65.41000366210938,65.41000366210938,7797,POINT(-51.18389892578125 -30.046199798583984)
ORL10529,San Lorenzo,84.37000274658203,85.01000213623047,7823,POINT(-51.19440841674805 -30.04136848449707)
ORL656,Edward Hopper,62.529998779296875,62.529998779296875,7825,POINT(-51.17070007324219 -30.047800064086914)
AUX76300,RESIDENCIAL DOM VICENTE,76,161,7828.947265625,POINT(-51.199028 -30.0522903)
ORL287,Residencial Dom Vicente,76.63999938964844,161.44000244140625,7829,POINT(-51.19879913330078 -30.052200317382812)
ORL389,Residencial Jordão 157,57.599998474121094,57.599998474121094,7967,POINT(-51.16960144042969 -30.042400360107422)
ORL417,Tintoretto,64.12999725341797,64.12999725341797,8010,POINT(-51.17110061645508 -30.045700073242188)
AUX332561,VILLA DE GAIA,67,180,8126.59716796875,POINT(-51.1935513 -30.0490674)
ORL473,Ticiano,61.34000015258789,61.34000015258789,8151,POINT(-51.19559860229492 -30.046499252319336)
ZAP2496734869,SUPREME ALTOS DO CENTRAL PARQUE,59,59,8153.77978515625,POINT(-51.167618 -30.051666)
ORL1868,Residencial Jules Verne,64.2300033569336,64.2300033569336,8184,POINT(-51.180599212646484 -30.045299530029297)
AUX352741,WELCOME,129,202,8223.5810546875,POINT(-51.189608 -30.0461836)
ORL556,Sinimbu 271,71.8499984741211,71.8499984741211,8351,POINT(-51.18149948120117 -30.039899826049805)
ORL657,Mirante do Jardim,46.86000061035156,78.5,8432,POINT(-51.180599212646484 -30.05459976196289)
ORL20368,610 Casemiro,46.720001220703125,63.81999969482422,8618,POINT(-51.202247619628906 -30.032184600830078)
ORL361,Residencial Hayet,66.66999816894531,66.66999816894531,8656,POINT(-51.195098876953125 -30.02869987487793)
ORL2994,Montjuic,53.209999084472656,53.209999084472656,8693,POINT(-51.18943405151367 -30.04903221130371)
AUX358837,Two Viva o Essencial,61,73,8699.787109375,POINT(-51.1978218 -30.0427802)
ORL23302,Welcome,129,129,8778,POINT(-51.18960952758789 -30.046184539794922)
ORL455,Rossi Reserva,101.75,137.7100067138672,8796,POINT(-51.16899490356445 -30.054140090942383)
AUX334626,YELLOW RESIDENCE,43,79,8837.208984375,POINT(-51.17076960000001 -30.0522132)
ORL3728,Hermitage,90.30999755859375,90.63999938964844,8969,POINT(-51.18817901611328 -30.045265197753906)
AUX334461,MIRANTE DO JARDIM,74,78,8995.9462890625,POINT(-51.180404 -30.05445)
ORL16416,iO Jaime Telles,47.54999923706055,106.45999908447266,9001,POINT(-51.19215393066406 -30.03976058959961)
ORL285,Urbano São Luiz Torre A,40.790000915527344,40.790000915527344,9046,POINT(-51.19969940185547 -30.051700592041016)
ORL4179,Kairós,76.23999786376953,114.22000122070312,9050,POINT(-51.1973991394043 -30.037500381469727)
ORL50,Olympic,64.62999725341797,64.62999725341797,9129,POINT(-51.18989944458008 -30.05120086669922)
ZAP2525132901,OLYMPIC HOME & RESORT,64,64,9218.75,POINT(-51.189701 -30.050805)
AUX324150,ISIDORO 375,45,115,9301.2666015625,POINT(-51.180047 -30.0545403)
ORL16414,Palmeira 444,106.2699966430664,106.2699966430664,9363,POINT(-51.18080139160156 -30.03774642944336)
ORL1714,Vivant,72,72,9456,POINT(-51.19260025024414 -30.049999237060547)
ORL17579,Villa de Gaia,95.19999694824219,180.9199981689453,9682,POINT(-51.19355010986328 -30.0490665435791)
ORL21300,Lexington 111 Residencial,63.0099983215332,100.12000274658203,9932,POINT(-51.20719528198242 -30.0313720703125)
ORL1745,GO 1092,57.7599983215332,57.7599983215332,9979,POINT(-51.20819854736328 -30.047500610351562)
AUX349519,KAIROS,76,114,10131.5791015625,POINT(-51.1973314 -30.0376036)
AUX291362,RESIDENCIAL MAXIMILIANO,64,65,10145.546875,POINT(-51.19556669999997 -30.0361827)
ORL4294,Maison Quebec,47.31999969482422,60.04999923706055,10236,POINT(-51.200626373291016 -30.03583526611328)
ORL16572,Supreme Altos do Central Parque,59,70.05000305175781,10241,POINT(-51.17047882080078 -30.0526065826416)
AUX329019,LIBRES,44,60,10268.7724609375,POINT(-51.2081826 -30.0508802)
AUX339493,MAISON QUEBEC,47,66,10305.8720703125,POINT(-51.20062300000001 -30.0358248)
ORL4297,Maximiliano,62.09000015258789,142.61000061035156,10375,POINT(-51.1955680847168 -30.036182403564453)
ORL573,Alpinada,91.80999755859375,91.80999755859375,10386,POINT(-51.180999755859375 -30.040300369262695)
AUX347601,MIRADOURO,66,153,10557.7119140625,POINT(-51.196804 -30.036231)
ORL2221,Chartres,80.13999938964844,80.13999938964844,10594,POINT(-51.18090057373047 -30.038799285888672)
ORL18614,Residencial Giotto,56.43000030517578,170.3699951171875,10662,POINT(-51.18990707397461 -30.0418701171875)
ZAP2540348631,Miradouro 2235,66,82,10676.2880859375,POINT(-51.196804 -30.036231)
ORL2190,With Inviting Home,73.87999725341797,73.87999725341797,10761,POINT(-51.18410110473633 -30.042299270629883)
ZAP2505666477,BOTANIQUE RÉSIDENCE,98,115,10805.55078125,POINT(-51.178238 -30.045865)
AUX325295,SUPREME ALTOS DO CENTRAL PARQUE,59,136,10845.6953125,POINT(-51.1681198 -30.0485325)
ORL19961,Le Jardin,81,81,10877,POINT(-51.18156051635742 -30.038759231567383)
AUX338286,LE JARDIN,80,160,10950,POINT(-51.1815624 -30.0387601)
AUX292596,ARSIE,125,134,11000,POINT(-51.19148100000001 -30.048904)
ORL1643,Emílio 111 Boutique Residences,53.970001220703125,86.69999694824219,11025,POINT(-51.17841339111328 -30.030027389526367)
ORL21998,Miradouro,65.36000061035156,148.8800048828125,11047,POINT(-51.19680404663086 -30.036230087280273)
ORL16415,Nero,110.31999969482422,110.31999969482422,11089,POINT(-51.18006896972656 -30.03917121887207)
AUX332642,CHARTRES,80,83,11237.5,POINT(-51.1809434 -30.0387715)
ORL21840,Imponent Residence,98.29000091552734,128.2899932861328,11292,POINT(-51.198974609375 -30.033658981323242)
ORL3197,Vértice Home Design,86.63999938964844,182.24000549316406,11657,POINT(-51.185970306396484 -30.041362762451172)
ORL24063,Faria Santos,136.41000366210938,209.11000061035156,11667,POINT(-51.19034194946289 -30.044721603393555)
AUX331737,BRICK,43,90,11673.3955078125,POINT(-51.2055156 -30.0367578)
AUX360352,VERTE,170,339,11735.2939453125,POINT(-51.17990589999999 -30.0334745)
AUX273599,*EUROPA SURPREENDENTE,46,78,11869.5654296875,POINT(-51.17844560000003 -30.04477859999999)
ORL14327,Europa Surpreendente,46.349998474121094,78.4000015258789,11888,POINT(-51.178436279296875 -30.044776916503906)
AUX331192,NOWALL RESIDENCIAL,63,103,11888.888671875,POINT(-51.178427 -30.03819)
ORL2430,NOWALL Petrópolis,62.27000045776367,115.95999908447266,11900,POINT(-51.178428649902344 -30.038190841674805)
ORL3211,Arsiè,125.33000183105469,125.33000183105469,11929,POINT(-51.19148254394531 -30.048904418945312)
ORL14542,Style Lageado 1091,107.7300033569336,107.7300033569336,12000,POINT(-51.18008041381836 -30.036134719848633)
ORL567,Philae,67.45999908447266,67.45999908447266,12012,POINT(-51.20560073852539 -30.032699584960938)
ORL23439,Ubah Bela Vista,107,147.16000366210938,12093,POINT(-51.192928314208984 -30.037153244018555)
AUX99554,TRIBECA RESIDENCES,60,186,12121.6669921875,POINT(-51.1883102 -30.0278549)
ORL1731,DUOS,173.16000366210938,182.3699951171875,12131,POINT(-51.17942810058594 -30.030994415283203)
ORL3222,Villa Moinhos,55.95000076293945,91.11000061035156,12161,POINT(-51.2056770324707 -30.030221939086914)
ORL309,Spazio,79.91999816894531,176.52000427246094,12181,POINT(-51.17959976196289 -30.029800415039062)
ORL23165,Amélia139,93.73999786376953,93.73999786376953,12193,POINT(-51.190696716308594 -30.04122543334961)
ORL24390,Aris,111.37000274658203,195.7899932861328,12215,POINT(-51.172393798828125 -30.02972984313965)
ORL182,Residencial Al Nur,74.38999938964844,135.22000122070312,12293,POINT(-51.20787811279297 -30.031261444091797)
AUX348256,SPAZIO,79,176,12322.78515625,POINT(-51.17957 -30.0298273)
ORL2138,Yellow Residence,69.91000366210938,79.58000183105469,12373,POINT(-51.170799255371094 -30.052200317382812)
AUX330709,QUINTAL MOINHOS,29,80,12394.482421875,POINT(-51.2047697 -30.01936719999999)
ORL22661,Hillside,116.72000122070312,234.4199981689453,12414,POINT(-51.19712829589844 -30.036272048950195)
ORL16813,Life.Co,36.959999084472656,45.459999084472656,12436,POINT(-51.171207427978516 -30.04676055908203)
ORL25532,Verte Soledade,170.1999969482422,170.1999969482422,12467,POINT(-51.17990493774414 -30.03347396850586)
ORL9234,Marquês Green Homes,77.08000183105469,124.41999816894531,12487,POINT(-51.19460678100586 -30.01961326599121)
AUX344310,HILLSIDE,116,234,12500,POINT(-51.1971271 -30.0362714)
AUX329976,FLOAT RESIDENCES,43,99,12500,POINT(-51.1737756 -30.0406169)
ORL26698,Singapura Latitude 1ºN,113.48999786376953,188.58999633789062,12533,POINT(-51.18327331542969 -30.038206100463867)
AUX357099,Singapura,113,188,12587.3359375,POINT(-51.1834375 -30.03824)
AUX335945,MANHATTAN,121,242,12587.3720703125,POINT(-51.1971271 -30.0357364)
ORL9743,Quintal Moinhos,30.200000762939453,80.18000030517578,12601,POINT(-51.204769134521484 -30.019367218017578)
ORL3306,LIV EXECUTE,31.469999313354492,39.70000076293945,12615,POINT(-51.174861907958984 -30.039030075073242)
ORL5078,Balduino,189.69000244140625,225.69000244140625,12646,POINT(-51.16783142089844 -30.03477668762207)
AUX338722,IDEA BAGE,110,211,12681.818359375,POINT(-51.184909 -30.0406866)
ORL576,Libres,44.04999923706055,75.12000274658203,12766,POINT(-51.20840072631836 -30.05109977722168)
ORL3352,Morada Bagé,120.4800033569336,120.4800033569336,12797,POINT(-51.1822509765625 -30.03989028930664)
ORL10261,Idea Bagé,100.83999633789062,211.02999877929688,12842,POINT(-51.18491744995117 -30.0406551361084)
AUX329589,GO 1092,40,57,12874.0751953125,POINT(-51.2082165 -30.0474865)
ORL2459,Hyde Bordini 1655,120,122.5999984741211,12917,POINT(-51.19620132446289 -30.032400131225586)
AUX337114,PETRA,81,178,12925.92578125,POINT(-51.1962532 -30.0265267)
ORL19134,Anita Green Homes,75.55999755859375,361.5400085449219,12951,POINT(-51.1955680847168 -30.027549743652344)
ORL267,Trend Nova Carlos Gomes Residence,77.06999969482422,77.06999969482422,12962,POINT(-51.17570114135742 -30.042499542236328)
ORL10803,OWN Parcão,178.72999572753906,323.80999755859375,12980,POINT(-51.19797897338867 -30.030969619750977)
ORL5635,Infinita Parque,104.76000213623047,134.41000366210938,13000,POINT(-51.18778610229492 -30.025238037109375)
ORL809,Iguaçu,103.6500015258789,103.6500015258789,13025,POINT(-51.176300048828125 -30.038000106811523)
AUX334727,ANITA 51 GREEN HOMES,75,361,13047.2001953125,POINT(-51.1955673 -30.0275493)
ORL2183,Float Residences,43.93000030517578,99.13999938964844,13081,POINT(-51.174800872802734 -30.04319953918457)
AUX354239,Àris,113,148,13097.3447265625,POINT(-51.1723929 -30.0297293)
ZAP2513339914,FLOAT RESIDENCES,44,99,13137.38671875,POINT(-51.173776 -30.040617)
AUX335985,MATCH,107,172,13197.6171875,POINT(-51.178901 -30.037696)
AUX330120,BALDUINO,189,225,13225.8837890625,POINT(-51.1679377 -30.0347101)
ORL4035,BRICK,43.06999969482422,57.66999816894531,13251,POINT(-51.20551681518555 -30.036758422851562)
ORL1426,Adágio,104.95999908447266,104.95999908447266,13434,POINT(-51.18280029296875 -30.037900924682617)
AUX330311,PRAÇA NILO,47,116,13522.8505859375,POINT(-51.1938377 -30.0392484)
ZAP2489367340,Residencial Maison Quebec,35,92,13567.9716796875,POINT(-51.200626 -30.035836)
ORL18521,Montecarlo,87.48999786376953,191.83999633789062,13721,POINT(-51.196678161621094 -30.029848098754883)
ORL2222,Azevedo Castro,111.68000030517578,111.68000030517578,13748,POINT(-51.189701080322266 -30.028799057006836)
AUX327730,GO RIO BRANCO,33,111,13782.7275390625,POINT(-51.2014183 -30.0387983)
AUX331133,IO JAIME TELLES,47,132,13787.234375,POINT(-51.1921554 -30.0397562)
ZAP2540347979,Quintal Moinhos,29,70,13793.0693359375,POINT(-51.204819 -30.019364)
ORL12200,Carlos Gomes Square - Home Square,38.369998931884766,50.20000076293945,13855,POINT(-51.179656982421875 -30.031463623046875)
ORL2483,Match,109.25,171.92999267578125,13872,POINT(-51.17890167236328 -30.037700653076172)
ORL19024,Botanique Residence,98,115.0199966430664,13874,POINT(-51.17823791503906 -30.04586410522461)
AUX329142,BOTANIQUE RÉSIDENCE,98,115,13874.2548828125,POINT(-51.1782379 -30.045865)
ORL19023,Tribeca Residences,47.5099983215332,186.36000061035156,13921,POINT(-51.18817901611328 -30.027507781982422)
ORL19312,Aton,35.04999923706055,101.36000061035156,13934,POINT(-51.1942253112793 -30.024751663208008)
AUX343221,UBAH BELA VISTA,107,147,13943.9248046875,POINT(-51.1929262 -30.0371533)
ORL2919,Orsay,189.72999572753906,189.72999572753906,13967,POINT(-51.18635940551758 -30.028221130371094)
ORL17651,GO Rio Branco,25.530000686645508,63.369998931884766,13981,POINT(-51.20096969604492 -30.038450241088867)
ORL4296,Abu Simbel,34.540000915527344,60.720001220703125,14007,POINT(-51.202674865722656 -30.032920837402344)
ORL5840,Manhattan,121.68000030517578,242.49000549316406,14081,POINT(-51.19697570800781 -30.035724639892578)
AUX332423,VILLA MOINHOS,55,77,14174.5458984375,POINT(-51.2056766 -30.0302227)
ORL19399,Ox Tower,180.00999450683594,180.00999450683594,14205,POINT(-51.1841926574707 -30.03544807434082)
ORL20452,Petra,81.0999984741211,137.0800018310547,14390,POINT(-51.1961555480957 -30.026540756225586)
AUX336947,RESIDENCIAL ABU SIMBEL,34,60,14406.6171875,POINT(-51.2026767 -30.0329199)
ORL560,Belavistta Reserva da Praça,242.77000427246094,242.77000427246094,14409,POINT(-51.1880989074707 -30.031400680541992)
ZAP2492523811,CARLOS GOMES SQUARE,38,59,14446.89453125,POINT(-51.179659 -30.031463)
ORL23617,Aston,217.14999389648438,217.24000549316406,14480,POINT(-51.18825912475586 -30.03543472290039)
AUX328412,ANITA RESIDENCE,36,70,14513.888671875,POINT(-51.1775905 -30.02391369999999)
ORL2170,Homero,320,340,14688,POINT(-51.19049835205078 -30.0314998626709)
ORL16345,Z800,123.97000122070312,218.64999389648438,14834,POINT(-51.187522888183594 -30.02780532836914)
ORL19400,Residencial Torres Garcia,151.7100067138672,239.6999969482422,14856,POINT(-51.17775344848633 -30.030349731445312)
AUX345940,PULSE,41,77,14878.048828125,POINT(-51.1914228 -30.0204765)
ORL2513,Praça Nilo,47,116.37999725341797,14913,POINT(-51.19200134277344 -30.039400100708008)
ORL2868,Lucas by YOO,27.889999389648438,53.33000183105469,14986,POINT(-51.194801330566406 -30.026100158691406)
ZAP2513343375,Lucas by YOO,28,52,15040.9287109375,POINT(-51.194761 -30.026093)
AUX330044,VÉRTICE,86,90,15043.708984375,POINT(-51.1859714 -30.0413626)
ORL16785,The Park Inspired By Dror,143.22999572753906,219.85000610351562,15053,POINT(-51.20306396484375 -30.03572654724121)
ORL5360,Casa Vista,251.0800018310547,251.0800018310547,15096,POINT(-51.185150146484375 -30.028276443481445)
ZAP2505665297,GO RIO BRANCO,25,66,15121.7197265625,POINT(-51.200677 -30.038016)
ORL2360,Royal,290.6700134277344,460.7099914550781,15131,POINT(-51.18960189819336 -30.02829933166504)
ZAP2500242886,The Park inspired by Dror,143,219,15191.4755859375,POINT(-51.203062 -30.035726)
ORL11694,The Arch,29.09000015258789,69.93000030517578,15227,POINT(-51.189910888671875 -30.028959274291992)
ORL3344,High Garden,119.4000015258789,137.75999450683594,15369,POINT(-51.172393798828125 -30.021541595458984)
ORL2939,Home Gallery,38.52000045776367,75.4000015258789,15389,POINT(-51.17655944824219 -30.039939880371094)
ZAP2513351479,The Arch,29,69,15390.4482421875,POINT(-51.18991 -30.028959)
ORL14328,Voz,160.02000427246094,181.1999969482422,15460,POINT(-51.180702209472656 -30.03547477722168)
ORL6823,Vista,164.77999877929688,164.77999877929688,15466,POINT(-51.19300079345703 -30.03458595275879)
AUX286614,LIV,29,40,15500.0341796875,POINT(-51.17486109999999 -30.0390298)
ORL23673,68 Jaraguá,208.74000549316406,412.20001220703125,15522,POINT(-51.192405700683594 -30.03659439086914)
AUX226635,NY 205,43,74,15534.8837890625,POINT(-51.19511980000004 -30.0203715)
AUX332741,VOZ,160,181,15536.224609375,POINT(-51.1807007 -30.0354751)
ZAP2513342538,"NY, 205",43,74,15557.3486328125,POINT(-51.195068 -30.02084)
AUX328986,HOME GALLERY,38,60,15799.2626953125,POINT(-51.17655999999999 -30.039939)
ORL12047,Almirante Green Residences,268.82000732421875,268.82000732421875,15810,POINT(-51.19757843017578 -30.030351638793945)
ORL169,Tito,83.33999633789062,83.33999633789062,15839,POINT(-51.19316101074219 -30.02886199951172)
ORL1628,YOO Moinhos,291.739990234375,525.75,15875,POINT(-51.19947814941406 -30.022554397583008)
ORL1851,Anita Residence,36.7599983215332,70.41999816894531,15920,POINT(-51.1776008605957 -30.02389907836914)
ORL3101,Lumi,218.7899932861328,241.64999389648438,15961,POINT(-51.1806526184082 -30.035123825073242)
ORL21693,Terrá,132.72999572753906,154.58999633789062,15995,POINT(-51.189186096191406 -30.03736686706543)
AUX330551,LUMI,218,241,16218.6328125,POINT(-51.1806532 -30.035123)
ORL571,Duetto,140,140,16464,POINT(-51.180999755859375 -30.03510093688965)
ORL2625,Vintage Senior Residence,37.08000183105469,42.81999969482422,16529,POINT(-51.18339920043945 -30.0393009185791)
ZAP2513342743,Vintage Senior Residence,37,85,16662.3515625,POINT(-51.183326 -30.039304)
AUX324689,THE ARCH,28,44,16678.572265625,POINT(-51.1899102 -30.0289591)
AUX327967,HIGH GARDEN,125,137,16698.615234375,POINT(-51.1724721 -30.021534)
AUX328255,THE PARK,143,220,16713.287109375,POINT(-51.2030622 -30.0357263)
AUX328925,Parreiras 153,232,348,16799.91015625,POINT(-51.1920103 -30.0308818)
ORL23990,DOM,209.66000366210938,315.6000061035156,16802,POINT(-51.18490982055664 -30.029491424560547)
ORL24049,Go Carlos Gomes,29.6200008392334,50.41999816894531,16811,POINT(-51.18209457397461 -30.025484085083008)
ORL16989,Parreiras 153,232.6999969482422,348.55999755859375,16921,POINT(-51.19200897216797 -30.030881881713867)
AUX335670,ROYAL,290,460,16936.35546875,POINT(-51.189465 -30.0283856)
AUX329407,CARLOS GOMES SQUARE RESIDENCIAL,38,59,16954.630859375,POINT(-51.1796588 -30.0314632)
AUX353304,GO CARLOS GOMES,29,50,17170.2421875,POINT(-51.18209359999999 -30.0254837)
ORL1235,Hundred,231.67999267578125,231.67999267578125,17216,POINT(-51.20029830932617 -30.035999298095703)
AUX329897,LUCAS BY YOO,25,54,17880,POINT(-51.19476119999999 -30.0260926)
ZAP2481979775,CASAVISTA,251,456,17978.658203125,POINT(-51.18515 -30.028277)
ZAP2540350630,Brick 962,43,72,17985.814453125,POINT(-51.205516 -30.036758)
ORL600,Moinhos Park,32.04999923706055,81.19000244140625,17991,POINT(-51.20199966430664 -30.028499603271484)
ZAP2513342767,YOO MOINHOS,292,525,18259.33984375,POINT(-51.199538 -30.022743)
AUX350184,ARTE COUNTRY CLUB,246,321,18500,POINT(-51.1740959 -30.0272652)
ORL4295,Cap. 1 Três Figueiras,156.55999755859375,244.5,18676,POINT(-51.1719970703125 -30.03748321533203)
AUX328680,YOO MOINHOS,291,525,18687.28515625,POINT(-51.1995383 -30.0227429)
AUX330107,CAPITULO 1,156,244,18742.564453125,POINT(-51.1719988 -30.0374838)
ORL1063,Vivace,256.4200134277344,435.67999267578125,18756,POINT(-51.202301025390625 -30.027799606323242)
ORL3516,Varanda,317.42999267578125,317.42999267578125,18977,POINT(-51.18107986450195 -30.034236907958984)
AUX310628,Le Pierre,206,412,19121.76171875,POINT(-51.1889 -30.0324)
ORL24050,Arte Country Club,246.6999969482422,460.0899963378906,19317,POINT(-51.16936492919922 -30.027950286865234)
ORL26475,Alto Moinhos,202.75,472.1199951171875,20385,POINT(-51.199485778808594 -30.021453857421875)
ORL6032,Le Pierre,206.9600067138672,206.9600067138672,20485,POINT(-51.188873291015625 -30.032440185546875)
ORL358,Marquis Moinhos,330.5899963378906,330.5899963378906,22445,POINT(-51.203800201416016 -30.021400451660156)
ORL16600,Magno Senior Living,25.739999771118164,25.739999771118164,22533,POINT(-51.17169189453125 -30.03776741027832)
AUX328225,LIFE.CO,36,36,110000,POINT(-51.1712088 -30.0467614)
ZAP2525799185,SEEN BOA VISTA,156,156,,POINT(-51.181149 -30.024781)
ZAP2515971797,Bella Farnese,297,297,,POINT(-51.189384 -30.031368)
ZAP2493401351,Vertice Home Design,86,182,,POINT(-51.185971 -30.041363)
ZAP2537315961,Pininfarina,333,378,,POINT(-51.189326 -30.031112)
ZAP2548142561,Nilo Square Residence Resort,176,216,,POINT(-51.173292 -30.027283)
ZAP2501482409,The Bentley,257,257,,POINT(-51.191873 -30.034294)
ZAP2515972976,Orsay,186,186,,POINT(-51.18636 -30.02822)
AUX338114,ADAGIO,105,105,,POINT(-51.1830295 -30.0379682)
ZAP2515971875,Varanda,317,317,,POINT(-51.181245 -30.034323)
AUX291835,HERMITAGE,90,90,,POINT(-51.18817790000003 -30.0452648)
ZAP2515972592,Tribeca Residence,74,74,,POINT(-51.188178 -30.027509)
AUX335574,HYDE BORDINI,120,120,,POINT(-51.1961872 -30.0323901)
ZAP2486140841,Anita,114,114,,POINT(-51.177591 -30.023914)
ZAP2548142688,Go Carlos Gomes,25,50,,POINT(-51.18209 -30.025491)
ZAP2515160776,Idéa Bagé,110,110,,POINT(-51.184909 -30.040687)
ZAP2515972388,Parreiras 153,232,232,,POINT(-51.19201 -30.030882)
ZAP2524361516,HILLSIDE,116,116,,POINT(-51.19707 -30.036303)
AUX336847,RESIDENCIAL AL NUR,103,103,,POINT(-51.20757039999999 -30.031339)
AUX329080,SY CONDOMINIO PRAÇA,73,73,0,POINT(-51.2153359 -30.0820687)
ORL4381,Ilha de Capri,106.08000183105469,121.43000030517578,2740,POINT(-51.22137451171875 -30.085067749023438)
ORL17936,Toscana,46.689998626708984,46.689998626708984,3600,POINT(-51.226924896240234 -30.0738525390625)
ORL376,Veríssimo,51.5099983215332,107.16999816894531,3845,POINT(-51.2077751159668 -30.080541610717773)
ORL22456,Residencial Viña Del Mar,66,71,5136,POINT(-51.202423095703125 -30.059484481811523)
ORL2930,Residencial Montmartre,57.75,57.75,5610,POINT(-51.20346450805664 -30.05736541748047)
AUX33629,FAROL DA BARRA,49,85,5612.2451171875,POINT(-51.2016018 -30.0633272)
ORL2899,Residencial Farol da Barra,48.939998626708984,85.73999786376953,5619,POINT(-51.20199966430664 -30.063600540161133)
ORL5736,Byron Bay,43.66999816894531,71.61000061035156,5800,POINT(-51.17255783081055 -30.063249588012695)
AUX332454,VERT NATURE,53,136,6336.07568359375,POINT(-51.2099977 -30.0870286)
AUX236053,RESERVA DO BOSQUE,57,68,6738.5966796875,POINT(-51.19903160000001 -30.061272)
ORL437,Tanise,42.4900016784668,89.12999725341797,6943,POINT(-51.22520065307617 -30.065799713134766)
ORL6269,Barasti 350,42.77000045776367,139.22000122070312,6958,POINT(-51.18013000488281 -30.057899475097656)
ORL16787,Vert Nature,53.72999954223633,133.11000061035156,7000,POINT(-51.209999084472656 -30.08702850341797)
AUX274997,VISION,88,202,7284.0908203125,POINT(-51.223814000000004 -30.066494)
ORL22474,Reserva do Bosque,57.5099983215332,68.11000061035156,7496,POINT(-51.19902420043945 -30.061269760131836)
ORL2984,Praça4,27.979999542236328,75.25,7801,POINT(-51.220706939697266 -30.060476303100586)
ORL468,Vida Viva Boulevard,60.369998931884766,60.369998931884766,7843,POINT(-51.195701599121094 -30.072900772094727)
AUX165642,VIDA VIVA BOULEVARD,60,72,7846.66650390625,POINT(-51.19607730000001 -30.0728608)
ORL491,Hyde Menino Deus,110.13999938964844,110.13999938964844,8171,POINT(-51.22489929199219 -30.061599731445312)
ORL5166,Hygge,34.4900016784668,55.31999969482422,8272,POINT(-51.22716522216797 -30.064451217651367)
ORL47,Connect,45,76,8333,POINT(-51.21799850463867 -30.056499481201172)
ORL3302,Hill 160,82.18000030517578,230.6699981689453,8518,POINT(-51.232879638671875 -30.06608009338379)
ORL9173,Itororó 118,48.220001220703125,89.88999938964844,8694,POINT(-51.226436614990234 -30.058631896972656)
AUX171795,PRAÇA 4,36,62,8873,POINT(-51.220767499999965 -30.0605915)
ORL6077,Hari Menino Deus,70,255,9271,POINT(-51.226722717285156 -30.064472198486328)
ORL2740,Vision,87.83000183105469,203.36000061035156,9967,POINT(-51.223812103271484 -30.06649398803711)
ORL1946,Vida Viva Linked,55.45000076293945,67.06999969482422,10032,POINT(-51.20790100097656 -30.075300216674805)
AUX335763,MAGGIORE MENINO DEUS,43,88,10183.0927734375,POINT(-51.2251679 -30.0607137)
AUX185720,PATEO AUGUSTA,95,193,10368.6630859375,POINT(-51.22812269999997 -30.0654094)
ORL298,Sy Condomínio Praça,73.9800033569336,73.9800033569336,10664,POINT(-51.2156982421875 -30.082799911499023)
ORL22416,MAGGIORE,43.459999084472656,91.56999969482422,10695,POINT(-51.22516632080078 -30.060712814331055)
ORL1283,Linked Teresópolis Residencial,35.150001525878906,53.66999816894531,10819,POINT(-51.205299377441406 -30.075700759887695)
AUX329807,VIDA VIVA LINKED,55,67,11179.599609375,POINT(-51.2077338 -30.075187)
AUX344495,ARVEN,80,231,11187.5751953125,POINT(-51.220242 -30.058928)
ORL22202,Arven,80.44999694824219,226.14999389648438,11558,POINT(-51.22024154663086 -30.058927536010742)
ORL11811,Pátio Costa,112.66999816894531,225.55999755859375,11627,POINT(-51.22516632080078 -30.059106826782227)
AUX320318,-PÁTIO COSTA,112,311,11696.4287109375,POINT(-51.22516599999999 -30.059106)
AUX336044,MIDLAND,41,114,11988,POINT(-51.21866319999999 -30.0606327)
ORL3928,Connect,27.020000457763672,27.020000457763672,12080,POINT(-51.16777801513672 -30.058629989624023)
ORL3212,Midland,41.5099983215332,114.26000213623047,12095,POINT(-51.2186393737793 -30.06067657470703)
ORL2585,Eseenci Menino Deus,177.07000732421875,255.14999389648438,13868,POINT(-51.22834396362305 -30.065149307250977)
ORL558,Cobalto,91.94999694824219,187.91000366210938,14211,POINT(-51.22779846191406 -30.064800262451172)
ZAP2513343992,Atmosfera Air,45,64,14389.111328125,POINT(-51.229176 -30.056486)
AUX328128,LINKED TERESÓPOLIS,35,53,14682.0576171875,POINT(-51.2091619 -30.0791239)
ORL4934,Atmosfera Air,43.43000030517578,116.37000274658203,14797,POINT(-51.22917556762695 -30.056486129760742)
AUX329885,ATMOSFERA AIR,43,118,15046.51171875,POINT(-51.2291764 -30.0564857)
AUX328902,COBALTO,101,187,15336.72265625,POINT(-51.2261798 -30.065729)
ORL1690,TOM,82.63999938964844,110.38999938964844,15613,POINT(-51.219200134277344 -30.058900833129883)
ORL9556,Porto 1820 - Breve Lançamento,233.72000122070312,368.19000244140625,16442,POINT(-51.243858337402344 -30.076946258544922)
AUX328353,TOM,82,110,17348.537109375,POINT(-51.2191789 -30.05903)
AUX331033,MY URBAN LIFE,50,50,,POINT(-51.1675578 -30.0660682)
AUX205651,Hyde Menino Deus,110,110,,POINT(-51.224899 -30.0616)
AUX293013,JP REDENÇÃO,24,24,0,POINT(-51.21884799999998 -30.038342)
AUX346964,SAN CRISTOVAN,51,51,0,POINT(-51.21613300000001 -30.02829239999999)
AUX341731,BLEND,45,45,0,POINT(-51.220865 -30.035766)
AUX307179,ÁPICE Menino Deus,147,147,0,POINT(-51.220926299999974 -30.0530933)
AUX336350,TUERIS,67,67,0,POINT(-51.2271304 -30.0425552)
AUX329939,PRIME,58,58,0,POINT(-51.2164638 -30.0511965)
AUX274150,VENANCIO 777,55,55,0,POINT(-51.212740199999985 -30.0393028)
ORL183,Residencial Tuéris,68.43000030517578,68.43000030517578,7590,POINT(-51.22650146484375 -30.042999267578125)
ORL3578,Freitas 300,40.650001525878906,61.68000030517578,7651,POINT(-51.214420318603516 -30.049087524414062)
AUX298537,RESIDENCIAL FREITAS 300,40,61,7775,POINT(-51.21441900000002 -30.0490875)
ORL19677,Edifício Cedros do Líbano,61.959999084472656,71.16999816894531,7989,POINT(-51.22135543823242 -30.04566764831543)
ORL5683,Yourban,114.22000122070312,114.22000122070312,8317,POINT(-51.22455978393555 -30.052465438842773)
ORL18505,Beat,32.2599983215332,62.84000015258789,8679,POINT(-51.2194709777832 -30.043109893798828)
ORL3078,AB645,61.70000076293945,66,8720,POINT(-51.22267532348633 -30.04658317565918)
AUX272495,IO MENINO DEUS,40,65,8725,POINT(-51.22775200000001 -30.053319)
ORL411,Design,70.12999725341797,70.12999725341797,8807,POINT(-51.21860122680664 -30.054399490356445)
AUX295123,KADAR,89,138,8861.9658203125,POINT(-51.21721170000001 -30.0324762)
AUX332008,AURI SMART LIFE,56,57,8910.7138671875,POINT(-51.212948 -30.043442)
ORL533,Artsy Creative Life,47.91999816894531,50.279998779296875,9129,POINT(-51.221500396728516 -30.038000106811523)
ORL1050,On The Park,102.88999938964844,130.6999969482422,9245,POINT(-51.21229934692383 -30.040199279785156)
ORL10528,San Cristovan,51.86000061035156,51.86000061035156,9256,POINT(-51.2161865234375 -30.028194427490234)
AUX261267,ON THE PARK,102,103,9266.4609375,POINT(-51.21239120000001 -30.0401235)
ORL801,Di Bento,79.3499984741211,80.06999969482422,9367,POINT(-51.22060012817383 -30.042499542236328)
ORL2907,Prime,58.400001525878906,71.76000213623047,9470,POINT(-51.21646499633789 -30.051197052001953)
ORL21046,Century Park Living,27.040000915527344,28.799999237060547,9541,POINT(-51.22586441040039 -30.036666870117188)
ZAP2513342582,Prime,58,58,9608.103515625,POINT(-51.216464 -30.051197)
ORL1221,Kadesh,45.18000030517578,77.87999725341797,9673,POINT(-51.214298248291016 -30.02720069885254)
AUX205209,Di Bento,61,79,9819.671875,POINT(-51.2206 -30.0425)
AUX334561,YVY LINDOIA,71,150,10163.3798828125,POINT(-51.2176584 -30.0346471)
AUX334276,BEAT,33,79,10200,POINT(-51.2194691 -30.0431093)
ORL2154,Blend Cidade Baixa,30.110000610351562,57.970001220703125,10296,POINT(-51.220699310302734 -30.03569984436035)
ORL2301,Urb Park,62.7400016784668,81.47000122070312,10443,POINT(-51.2130012512207 -30.041200637817383)
ORL1120,Garibaldi 1215,45.47999954223633,45.47999954223633,10554,POINT(-51.215301513671875 -30.0314998626709)
ORL17557,Auri Smart Life,38.52000045776367,56.43000030517578,10642,POINT(-51.212947845458984 -30.043441772460938)
ORL23991,The Park,24.56999969482422,115.80000305175781,10948,POINT(-51.218658447265625 -30.038564682006836)
AUX315268,THE PARK TREVICORP,24,126,11125,POINT(-51.21872940000001 -30.0386496)
ORL20311,Christensen 1234,32.25,38.29999923706055,11163,POINT(-51.21511459350586 -30.03154945373535)
ORL2819,Venâncio 777,33.34000015258789,55.959999084472656,11201,POINT(-51.21269989013672 -30.0393009185791)
AUX332404,URB PARK,62,81,11364.38671875,POINT(-51.2130034 -30.0412262)
ORL4293,Gizé,30.389999389648438,93.08000183105469,11386,POINT(-51.21799087524414 -30.032665252685547)
ORL3960,GD32 Gardens,43,67,11502,POINT(-51.21993637084961 -30.05029296875)
AUX336077,MONTECARLO,87,191,11521.3447265625,POINT(-51.2157606 -30.0223386)
ORL25294,Soul República,27.969999313354492,67.7300033569336,11548,POINT(-51.222408294677734 -30.038101196289062)
AUX295134,GIZÉ,30,88,11620.2998046875,POINT(-51.217989399999965 -30.0326651)
ORL2623,iO Menino Deus,40.54999923706055,78.27999877929688,12404,POINT(-51.22779846191406 -30.053300857543945)
ORL1012,Kadar,63.119998931884766,96.76000213623047,12785,POINT(-51.217201232910156 -30.032499313354492)
ORL25240,GO Cidade Baixa,27.690000534057617,90.55000305175781,13328,POINT(-51.223472595214844 -30.038677215576172)
AUX332488,SWITCH,43,77,13539.53515625,POINT(-51.210546 -30.02937)
ORL3164,Switch,43.279998779296875,86.08000183105469,13579,POINT(-51.21054458618164 -30.029369354248047)
AUX355017,GO CIDADE BAIXA,27,60,13668.1484375,POINT(-51.2235734 -30.0397881)
ORL17104,TSS Bom Fim,23.93000030517578,23.93000030517578,13748,POINT(-51.21805953979492 -30.030826568603516)
ORL3333,JP Redenção,24.959999084472656,24.959999084472656,14428,POINT(-51.218849182128906 -30.038341522216797)
AUX332390,DI BENTO,80,80,,POINT(-51.2206586 -30.0425075)
AUX126195,RESIDENCIAL DESIGN,70,70,,POINT(-51.21859740000002 -30.0542649)
AUX330005,ARTSY CREATIVE LIFE,50,50,,POINT(-51.2217235 -30.0379497)
ZAP2548141057,GO Cidade Baixa,25,50,,POINT(-51.223206 -30.038628)
AUX265881,STUDIO TREND,30,30,,POINT(-51.217658400000005 -30.0346471)
AUX329761,SUPREME CENTRAL PARQUE,69,69,0,POINT(-51.160684 -30.0545839)
AUX330964,FWD CENTRAL PARQUE,58,58,0,POINT(-51.1629938 -30.0541827)
AUX357006,TERRACE CLUBE RESIDENCIAL,51,51,0,POINT(-51.1481664 -30.0355093)
ZAP2531049498,Residencial Porto la Paz,41,41,3682.682861328125,POINT(-51.125199 -30.039753)
ZAP2486033379,Residencial Porto Itapuã,40,40,3817.25,POINT(-51.101052 -30.080789)
ZAP2489277082,Residencial Porto Dom Feliciano,40,40,4162.25,POINT(-51.116443 -30.037128)
ORL10002,Porto Dom Feliciano,40.81999969482422,40.81999969482422,4238,POINT(-51.1164436340332 -30.037128448486328)
ZAP2501843361,Residencial Porto Santiago,44,44,4522.5,POINT(-51.125199 -30.039753)
ORL24599,Residencial Porto Santiago,44.20000076293945,48.29999923706055,4751,POINT(-51.13074493408203 -30.04000473022461)
ORL255,Rossi Flórida,79.94999694824219,79.94999694824219,5053,POINT(-51.14229965209961 -30.050800323486328)
ORL25365,Open Protásio,44.41999816894531,44.41999816894531,5065,POINT(-51.13054656982422 -30.041006088256836)
ORL516,Horizonte,72.01000213623047,72.01000213623047,5208,POINT(-51.14562225341797 -30.033824920654297)
AUX348043,HORIZONTE,72,75,5208.33349609375,POINT(-51.1456587 -30.0337192)
ORL16346,Reserva San Mateo,138.39999389648438,177.60000610351562,5307,POINT(-51.13753890991211 -30.02907943725586)
AUX353407,OPEN PROTASIO,44,46,5359.181640625,POINT(-51.1305484 -30.0410053)
AUX340314,PORTO BAHAMAS,53,54,5566.03759765625,POINT(-51.1435979 -30.0517182)
ORL23969,Terrace,49.16999816894531,51.060001373291016,5593,POINT(-51.14799499511719 -30.03537940979004)
AUX334797,FELICITA,54,70,5621.611328125,POINT(-51.1515569 -30.042986)
ORL387,Campus do Vale,56.2400016784668,72,5992,POINT(-51.130401611328125 -30.07670021057129)
AUX330985,NEW LIFE,54,80,6277.77783203125,POINT(-51.1497184 -30.0603228)
ORL10000,Porto Bahamas,43.459999084472656,50.939998626708984,6799,POINT(-51.14359664916992 -30.05171775817871)
ORL2441,Felicitá Alto Petrópolis,54,70,6815,POINT(-51.15155792236328 -30.042985916137695)
AUX330925,LIKE,52,88,7077.75,POINT(-51.1513538 -30.065468)
ORL401,New Life,54.86000061035156,80,7150,POINT(-51.14868927001953 -30.06003189086914)
ORL813,Like,43.439998626708984,56.849998474121094,7252,POINT(-51.15140151977539 -30.065500259399414)
ZAP2487333420,New Life,55,80,7436.36376953125,POINT(-51.149806 -30.060292)
ZAP2492385207,Like Open Concept,43,81,7883.720703125,POINT(-51.152044 -30.064124)
AUX350804,MOOD CENTRAL PARQUE,30,65,9746.6669921875,POINT(-51.16248119999999 -30.0542944)
ORL23166,Mood Central Parque,29.399999618530273,65.08000183105469,11317,POINT(-51.160682678222656 -30.054584503173828)
AUX329590,HOM NILO RESIDENCIAL,39,60,11917.205078125,POINT(-51.157492 -30.0293614)
ORL2659,Quadra K,63.9900016784668,110.93000030517578,14975,POINT(-51.15520095825195 -30.027299880981445)
ORL548,HOM Nilo Home,60.150001525878906,60.150001525878906,16473,POINT(-51.157501220703125 -30.029499053955078)
AUX351119,GARDEN HAUS,159,187,16823.8984375,POINT(-51.1588754 -30.0268855)
